[{
    "id_producto": "1",
    "categoria": "mujer",
    "descripcion": "Espectacular vestido hecho en India, cuenta con un resorte muy cómodo que se estira hasta una talla extra grande y sin estirar hasta una talla chica, la tela tiene una hermosa caída y tiene estampados artesanales en color DORADO.",
    "imagen": "https:\/\/http2.mlstatic.com\/D_NQ_NP_987923-MLM51250752508_082022-W.webp",
    "nombre": "Vestido Maxi Largo Hindu Golden Mumbai Casual, Playa, Jardín",
    "precio": "595",
    "ratio": "3.5",
    "stock": "15"
},
{
    "id_producto": "2",
    "categoria": "mujer",
    "descripcion": "Multifacético Sarongi, con estampados de mantras.",
    "imagen": "https:\/\/http2.mlstatic.com\/D_NQ_NP_821858-MLM50188739657_062022-O.webp",
    "nombre": "Pareo Sarong Pashmina , De Mantras",
    "precio": "295",
    "ratio": "4.5",
    "stock": "9"
},
{
    "id_producto": "3",
    "categoria": "mujer",
    "descripcion": "Hermosas TOALLAS PAREOS de Mandala, con forro de microfibrapara que absorba TRES VECES MÁS QUE UNA TOALLA COMÚN.",
    "imagen": "https:\/\/http2.mlstatic.com\/D_NQ_NP_976721-MLM49166187286_022022-O.webp",
    "nombre": "Toalla Pareo Mandala",
    "precio": "295",
    "ratio": "4.2",
    "stock": "8"
},
{
    "id_producto": "4",
    "categoria": "mujer",
    "descripcion": "Todos los pantalones de parche son distintos , son hechos en INDIA DE MANERA ARTESANAL, ningún modelo se repite en colores.",
    "imagen": "https:\/\/http2.mlstatic.com\/D_NQ_NP_747927-MLM51592444127_092022-O.webp",
    "nombre": "Pantalón Patch Work Bloomer Hindu Algodón",
    "precio": "298",
    "ratio": "4.1",
    "stock": "12"
},
{
    "id_producto": "5",
    "categoria": "hombre",
    "descripcion": "Los colores pueden variar de acuerdo al tipo de celular o monitor de la computadora, favor de considerar esto, el resorte es grueso u ancho, originalmente es para caballero, pueden usar damas también. La tela es delgada, fresca y ligera.",
    "imagen": "https:\/\/http2.mlstatic.com\/D_NQ_NP_935576-MLM45115948544_032021-O.webp",
    "nombre": "Pantalones Bloomers Afgani De Mantras Para Caballero ALG",
    "precio": "298",
    "ratio": "3.6",
    "stock": "17"
},
{
    "id_producto": "6",
    "categoria": "hombre",
    "descripcion": "PALESTINA SHEMAG O KUFYYA DE ALGODÓN, HECHO EN INDIA, Modelo: BUFANDA MILITAR,  Color: BLANCO CIN NEGRO, Material: 100% Algodón",
    "imagen": "https:\/\/http2.mlstatic.com\/D_NQ_NP_846039-MLM52524940526_112022-O.webp",
    "nombre": "Palestina Shemag Bufanda Militar De Algodón Clásica",
    "precio": "122",
    "ratio": "3.9",
    "stock": "7"
},
{
    "id_producto": "7",
    "categoria": "hombre",
    "descripcion": "Topis o Kufi gorro Musulman Bordados",
    "imagen": "https:\/\/http2.mlstatic.com\/D_NQ_NP_960378-MLM49460699263_032022-O.webp",
    "nombre": "Gorra Kufi Topi Musulman",
    "precio": "295",
    "ratio": "4",
    "stock": "4"
},
{
    "id_producto": "8",
    "categoria": "hombre",
    "descripcion": "Pashmina hindu. Úsala como bufanda , pashmina o chalina , hijab ( para cubrir la cabeza )",
    "imagen": "https:\/\/http2.mlstatic.com\/D_NQ_NP_651060-MLM48618548099_122021-O.webp",
    "nombre": "Pashmina Bufanda Hijab",
    "precio": "135",
    "ratio": "4.8",
    "stock": "4"
},
{
    "id_producto": "9",
    "categoria": "hogar",
    "descripcion": "Manta decorativa de algodón Ganesha Fondo negro , por ser un producto artesanal pueden variar un la disposición de los colores y el marco del mismo, son hechas por artesanos del desierto de Jaysalmer India",
    "imagen": "https:\/\/http2.mlstatic.com\/D_NQ_NP_984830-MLM50656344919_072022-O.webp",
    "nombre": "Manta Decorativa De Ganesha",
    "precio": "695",
    "ratio": "4",
    "stock": "3"
},
{
    "id_producto": "10",
    "categoria": "hogar",
    "descripcion": "Manda decorativa del señor Shiva Manta decorativa hecha en INDIA MIDE 240 x 210 100% algodón",
    "imagen": "https:\/\/http2.mlstatic.com\/D_NQ_NP_815024-MLM49425582299_032022-O.webp",
    "nombre": "Manta Decorativa Del Señor Shiva",
    "precio": "650",
    "ratio": "4",
    "stock": "2"
},
{
    "id_producto": "11",
    "categoria": "hogar",
    "descripcion": "Hermosa MANTA ORIGINAL DE LA INDIA DE MANDALAS del mejor Algodón, hechas artesanalmente.",
    "imagen": "https:\/\/http2.mlstatic.com\/D_NQ_NP_794370-MLM49772617519_042022-O.webp",
    "nombre": "Manta Decorativa",
    "precio": "599",
    "ratio": "4.8",
    "stock": "3"
},
{
    "id_producto": "12",
    "categoria": "hogar",
    "descripcion": "Plato vajilla de Acero inoxidable hecho en la india El acero inoxidable de la india es el mejor metal conocido como acero quirúrgico",
    "imagen": "https:\/\/http2.mlstatic.com\/D_NQ_NP_835442-MLM50744706111_072022-O.webp",
    "nombre": "Plato Vajilla D Acero Inoxidable, Con Divisiones Thali Hindú",
    "precio": "265",
    "ratio": "3",
    "stock": "2"
}

]